Grid Size,No. of UAVs,Sink Location,Coverage (%),Battery Consumption
5 x 5,2,Corner,100.00,48.60099999999997
6 x 6,2,Corner,100.00,49.10099999999997
7 x 7,2,Corner,72.92,49.10099999999997
8 x 8,2,Corner,55.56,49.10099999999997
5 x 5,2,Center,100.00,49.10099999999997
6 x 6,2,Center,100.00,49.10099999999997
